keyword_id,keyword_name
1463,culture clash
2964,future
3386,space war
3388,space colony
3679,society
3801,space travel
9685,futuristic
9840,romance
9882,space
9951,alien
10148,tribe
10158,alien planet
10987,cgi
11399,marine
13065,soldier
14643,battle
14720,love affair
165431,anti war
193554,power relations
206690,mind and soul
209714,3d
270,ocean
726,drug abuse
911,exotic island
1319,east india trading company
2038,love of one's life
2052,traitor
2580,shipwreck
2660,strong woman
3799,ship
5740,alliance
5941,calypso
6155,afterlife
6211,fighter
12988,pirate
157186,swashbuckler
179430,aftercreditsstinger
470,spy
818,based on novel
4289,secret agent
9663,sequel
14555,mi6
156095,british secret service
158431,united kingdom
849,dc comics
853,crime fighter
949,terrorist
1308,secret identity
1437,burglar
3051,hostage drama
3562,time bomb
6969,gotham city
7002,vigilante
9665,cover-up
9715,superhero
9990,villainess
10044,tragic hero
13015,terrorism
14796,destruction
18933,catwoman
156082,cat burglar
156395,imax
173272,flood
179093,criminal underworld
230775,batman
839,mars
1456,medallion
7376,princess
10028,steampunk
10539,martian
10685,escape
161511,edgar rice burroughs
163252,alien race
179102,superhuman strength
190320,mars civilization
195446,sword and planet
207928,19th century
851,dual identity
1453,amnesia
1965,sandstorm
3446,forgiveness
3986,spider
4391,wretch
4959,death of a friend
5776,egomania
5789,sand
5857,narcism
6062,hostility
8828,marvel comic
9748,revenge
1562,hostage
2343,magic
2673,horse
3205,fairy tale
4344,musical
10336,animation
33787,tower
155658,blonde woman
162219,selfishness
163545,healing power
179411,based on fairy tale
179431,duringcreditsstinger
215258,healing gift
234183,animal sidekick
9717,based on comic book
10629,vision
155030,superhero team
180547,marvel cinematic universe
616,witch
3872,broom
3884,school of witchcraft
6333,wizardry
10164,apparition
10791,teenage crush
12564,werewolf
163455,super powers
195242,clark kent
195243,bruce wayne
229266,dc extended universe
83,saving the world
8872,invulnerability
163420,kryptonite
202526,lex luthor
627,killing
1568,undercover
663,fortune teller
910,bondage
1299,monster
1316,captain
1317,card game
1461,compass
5600,daughter
1556,texas
5385,survivor
5901,texas ranger
9104,partner
9503,outlaw
10909,lawyer
13008,train
178867,lone ranger
179419,comanche
222787,the lone ranger
228232,tonto
10761,superhuman
14909,alien invasion
161184,reboot
855,fictional place
1155,brother sister relationship
2043,lion
3714,human being
4820,leap in time
5144,matter of life and death
6150,faith
6464,uncle
166930,narnia
170362,fantasy world
242,new york
5539,shield
658,sea
1860,mutiny
1938,sword
2569,prime minister
3180,sailing
3625,silver
4235,duke
5938,mermaid
4379,time travel
5455,time machine
174915,fictional government agency
185668,seeing the future
208756,changing history
417,corruption
603,elves
604,dwarves
606,orcs
609,middle-earth (tolkien)
611,hobbit
12554,dragon
167982,unlikely friendship
188270,epic battle
234213,sword and sorcery
1872,loss of father
8803,serum
156855,scientific experiment
158124,spider bite
158456,masked vigilante
163561,genetic engineering
171556,social outcast
4147,robin hood
4393,archer
10466,knight
11525,sherwood forest
18101,bow and arrow
41406,middle ages
161257,medieval
186686,king of england
177912,wizard
392,england
1706,experiment
2596,lordship
6678,polar bear
13014,orphan
18165,animal
223438,based on young adult novel
774,film business
776,screenplay
837,show business
886,film making
887,film producer
1551,indigenous
12616,dinosaur
2984,iceberg
4210,panic
4388,titanic
4953,ocean liner
6917,epic
7579,rich woman - poor man
9673,love
10617,disaster
10703,tragic love
14514,class differences
165086,star crossed lovers
182615,steerage
182621,salvage
182625,rich snob
210184,1910s
393,civil war
6091,war
1721,fight
4410,u.s. navy
11265,mind reading
12354,hong kong
13042,soccer
14760,scientist
14946,fictional war
160855,naval
160856,armada
160860,battleship
160861,naval combat
160865,jds myoko
160866,lost communication
160868,taser
160873,buoy
160875,communications expert
160876,joint chiefs of staff
160879,crash landing
160880,jet fighter pilot
160881,navy lieutenant
160884,permission to marry
160885,uss john paul jones
160887,based on board game
227328,mighty mo
227329,uss missouri
1718,dna
1720,tyrannosaurus rex
1766,velociraptor
2041,island
9937,suspense
155582,amusement park
158130,animal attack
158340,theme park
178010,jurassic park
223059,animal horror
9740,sociopath
15127,killer
15478,art gallery
156345,istanbul turkey
159932,uzi
163841,booby trap
185071,impersonating a police officer
185077,macao
5983,pizza boy
13005,doctor
14991,tentacle
34079,death
163074,super villain
5597,war on terror
6335,tennessee
8613,malibu
12555,tony stark
173776,iron man
188721,mandarin
209748,war machine
209822,iron patriot
209823,extremis
2011,queen
2486,fantasy
12552,alice in wonderland
1852,mutant
161271,beast
161893,cyclops
5984,dormitory
6186,games
12392,best friend
13160,university
163303,scary
1160,egypt
1670,sun
4630,chaos
8264,symbol
9854,artifact
10607,transformers
11117,tank
14544,robot
10891,giant robot
166594,transforming robot
291,circus
3929,hope
4662,illusion
44451,lost
172365,magic trick
1523,obsession
13040,electrocution
33977,medical experiment
41594,electricity
310,artificial intelligence
4286,computer program
4565,dystopia
6104,computer
9758,deception
12965,duel
14735,motorcycle
185351,neon light
236778,autocracy
830,car race
10267,comedy
11500,anthropomorphism
4375,transformation
15250,alien infection
15252,magical object
15254,protector
202540,origin
3616,college
4290,toy
5462,barbie
33794,day care
158162,teddy bear
187065,toy comes to life
209386,personification
209387,inanimate objects coming to life
224516,toy story
530,prophecy
582,san francisco
679,cyborg
1373,killer robot
1420,gas station
4458,post-apocalyptic
6092,army
6112,firearm
11159,wartime
12670,los angeles
3428,speed
33885,car
40870,race
205399,muscle car
12332,apocalypse
12377,zombie
160381,nuclear weapons
180635,multiple perspectives
186565,zombie apocalypse
1228,1970s
14527,storm
206736,changing the past or future
1612,spacecraft
6054,friendship
161176,space opera
179569,terrorist bombing
189099,giant
1326,infidelity
1241,persia
12653,brother against brother
12654,armageddon
12655,regent
41645,based on video game
11100,giant monster
305,moon
3088,bodyguard
10244,based on cartoon
15246,sabotage
15247,word domination
15248,commando
483,riddle
1294,whip
1454,treasure
1547,mexico city
2650,leather jacket
4276,machinegun
4939,alien phenomenons
5566,maya civilization
5967,peru
6956,treasure hunt
9830,nuclear explosion
18524,refrigerator
41586,archaeologist
176731,indiana jones
184134,archeology 
9713,friends
12026,alternate history
13073,fear
18330,nature
187864,human
189092,journey
388,scotland
526,rebel
3930,bravery
4152,kingdom
4896,wish
10468,bear
14753,scot
15161,rebellious daughter
41538,turns into animal
53995,archery
162715,ruins
181181,peace offering
187056,woman director
189098,courage
9743,stranded
158449,hatred
9799,romantic comedy
1704,ambassador
2163,civilization
5096,natural disaster
10150,end of the world
163398,volcanic eruption
208090,mayan
230910,ark
232318,solar
232339,destruction  of mankind
65,holiday
8250,victorian england
10594,money
33965,christmas eve
33966,scrooge
161174,christmas carol
162846,ghost
170457,lesson
180975,charles dickens
207317,christmas
306,jupiter
212760,interspecies romance
409,africa
5650,feral child
7347,tarzan
10787,jungle
1430,self sacrifice
1442,winter
1990,cupboard
2042,beaver
6187,fairy-tale figure
4769,supernatural powers
176217,world domination
208289,1980s
3151,scarecrow
4426,sadism
9537,joker
10291,organized crime
18023,criminal mastermind
33518,district attorney
965,age difference
1291,central and south america
9903,balloon
175715,floating in the air
221536,exploring
539,middle east
6163,arms dealer
208630,counter terrorism
209756,agent coulson
295,library
1507,clock
2793,film director
2849,key
5202,boy
14545,automaton
18028,hiding
33490,filmmaking
41372,leg brace
156149,doberman
10988,based on tv series
163671,steam locomotive
171636,drag
1296,shared universe
2095,anti hero
3269,secret mission
3289,villain
194404,supervillain
494,father son relationship
1850,daily life
2587,married couple
3848,support
5905,father
6038,marriage
6603,baustelle
10084,rescue
210450,noah's ark
563,deja vu
1521,time warp
2062,restart
11109,military officer
204318,exoskeleton
331,tattoo
4237,water
34161,doomsday
1328,secret
1576,technology
3467,warhead
6086,government
8570,president
9826,murder
10563,attack
14601,explosion
155551,lasers
156075,evil
191574,cobra
1566,dream
6513,cartoon
7942,imaginary friend
18035,family
18253,moving
161155,kids
163227,unicorn
211269,emotions
1585,snake
1994,wolf
2857,elephant
4809,tiger
8775,panther
9714,remake
11477,talking animal
167625,talking to animals
4978,immortality
5774,forest
15184,woman
161302,eternal youth
169341,snow white
169343,evil queen
173003,evil stepmother
181976,imprisoned
199814,sorceress
7430,sleeping beauty
177895,dark fantasy
186846,adaptation
186847,retelling
186849,literary adaptation
3077,leader
4090,colony
9720,woods
14759,ape
15149,monkey
158025,medical research
188959,plague
233,japan
236,suicide
1462,samurai
9672,based on true story
18098,samurai sword
155198,ronin
155242,shogun
183528,half breed
521,washington d.c.
173775,captain america
209817,political thriller
189111,ogre
1436,inventor
40850,destiny
173276,dreamer
214714,futuristic car
214715,futuristic city
380,brother brother relationship
1701,hero
2276,talent
12446,another dimension
33353,boy genius
41509,hate
198423,moral dilemma
213104,teen superheroes
215235,dead brother
825,support group
3977,product placement
6733,bullying
10039,racing
10547,arcade
11124,medal
155023,self esteem
158023,curiosity
162936,precocious child
185859,first person shooter
185861,glitch
185863,carefree
185867,video gamer
185868,q*bert
185876,interrupted wedding
185880,social reject
1991,santa claus
5801,nerd
9989,gift
9995,bell
33678,beard
34154,north pole
41312,chute
41314,trestle
48711,ticket
334,flying
1318,blacksmith
1395,arena
3752,night
4613,training
5331,village
5895,viking
6253,ignorance
8044,flight
9109,nest
18543,combat
172784,well
192913,warrior
312,man vs machine
1381,sun glasses
2651,nanotechnology
2732,rocket launcher
2733,firemen
2735,veterinarian
2736,fire engine
15106,psychiatrist
9831,spaceship
12405,outer space
175428,adventurer
641,single parent
1432,nasa
1963,expedition
3417,wormhole
4337,famine
4380,black hole
4776,race against time
8056,quantum mechanics
10235,family relationships
13127,farmhouse
14626,astronaut
15300,father daughter relationship
33479,single father
154846,farmer
156039,space station
160331,astrophysics
162630,zero gravity
208757,time paradox
214349,relativity
1014,loss of lover
1930,kidnapping
2116,sleep
2117,subconsciousness
10051,heist
11436,redemption
160137,female hero
7671,godzilla
161791,kaiju
235525,toyko
1262,mountains
189093,ring
189094,goblin
189102,tunnel
189103,underground lake
189108,buried treasure
189114,climbing a tree
189115,invisibility
189119,ancient
191739,gnomes
542,street gang
8574,auto-tuning
159953,automobile racing
2913,diary
3588,navy
3739,funeral
4262,tea
9935,travel
11612,hospital
591,cia
1960,mine
12995,historical fiction
18139,nuclear war
181558,cuban missile crisis
208731,world war iii
208992,1960s
2020,revolution
157376,game of death
657,fire
2098,fountain
3096,book
3098,castle
4488,apprentice
8504,merlin
10364,mission
10821,sorcerer
193201,apprendista
222347,morgana
613,new year's eve
793,drowning
843,cataclysm
1913,atlantic ocean
2283,ball
2488,self-abandonment
2581,giant wave
2583,blackout
9457,single
155530,capsized ship
203699,mad hatter
502,ambush
1647,sadness
1674,stage
2019,liberation of prisoners
3071,prince
4144,donkey
4326,theatre play
4541,conciliation
4988,tricks
5515,heir to the throne
6093,assault
6271,boarding school
6285,coup d'etat
10508,teacher
13001,cowardliness
13149,pregnancy
156702,capture
282,video game
3713,chase
189113,fictional language
211674,muscles
228295,orc
161151,fiction
10842,good vs evil
13084,king
182768,knife held to throat
182772,snowing
207372,quest
428,nurse
1627,patriotism
1668,hawaii
1956,world war ii
3203,pilot
3365,pearl harbor
3366,u.s. air force
3800,airplane
155565,pin-up
2535,destroy
10542,based on toy
188178,teenage hero
347,aristotle
1200,greece
3072,campaign
5127,alexander the great
10180,homosexuality
10198,gay relationship
14704,ancient world
2630,cutting the cord
3650,child hero
3737,dying and death
3873,sorcerer's apprentice
4252,black magic
5147,sorcery
221387,occultism
4238,chosen one
12380,tournament
13130,teenager
567,alcohol
3691,forbidden love
4663,lovers
5608,affection
5920,advertising expert
7464,alcoholism
11794,pokies
4190,lost civilisation
6511,alone
6997,helplessness
188957,virus
188973,pandemic
212,london england
715,chocolate
730,factory worker
970,parents kids relationship
985,candy
987,overweight child
1158,grandfather grandson relationship
90,paris
996,expensive restaurant
1261,river
1650,cook
2161,mouse
2246,confidence
2405,roof
2872,window
2982,leaving one's family
3640,work
3910,restaurant critic
3914,kitchen
6074,spice
6148,court
6808,cookbook
18293,chef
189359,rat
486,himalaya
779,martial arts
9823,rivalry
10278,ninja
14536,crime
173719,haunted by the past
179095,evil doctor
187710,escapade
206694,master villain
206700,fighting crime
206709,unfulfillment
206715,love and romance
206716,unfulfilled love
931,jealousy
1691,dance
1899,hunger
2172,zoo
2509,hippopotamus
2552,chimp
3028,penguin
3347,volcano
3645,madagascar
7639,zebra
15097,shark
2598,museum
5648,theodore roosevelt
194476,amelia earhart
209642,smithsonian
2792,boxer
490,philosophy
780,kung fu
1001,underground world
1530,temple
1552,subway
2725,sunlight
2812,computer virus
3219,precognition
3222,super computer
3223,machine town
3225,ying yang
4563,virtual reality
6193,world religion
6256,truth
12190,cyberpunk
220232,yin yang
221385,gnosticism
10085,betrayal
10115,snowman
10385,reindeer
10541,curse
10794,snow
11173,troll
155801,mountain climber
3217,plato
3221,rave
171783,hostile takeover
179101,norse mythology
209818,asgard
5657,australia
10349,survival
10562,on the run
155499,convoy
190954,peak oil
212516,dark future
588,rome
716,vatican
1715,symbolism
5950,christian
5960,illuminati
9675,prequel
9676,anti matter
10410,conspiracy
14780,investigator
161207,catholicism
234169,cern
1508,new mexico
5149,banishment
9366,hammer
232926,odin
232932,heimdall
1939,hamster
9963,kids and family
158378,cat vs dog
213873,dog cat friendship
230873,animal lead
232802,girl dog relationship
156904,dyr
1449,underworld
2033,hades
2035,mythology
2036,greek mythology
8985,zeus
161170,perseus
161172,gods
162861,ancient greece
162862,based on greek myth
166457,ares
2883,imprisonment
3133,vampire
11860,fish out of water
15375,chains
33505,gothic
41410,madness
155733,old house
160269,lost love
160274,angry mob
160279,18th century
190941,hidden room
193263,old mansion
1201,austria
160852,vienna opera
233055,vienna
11004,rural setting
1488,tennis
2382,flower
2778,florist
2779,flower shop
4247,beehive
7379,fleet
8531,panda
1445,ice
2770,war ship
5638,arrest
13002,avatar
13152,air
13153,spirit
13154,world
13155,domination
13156,cheering
220,berlin
833,white house
1653,explosive
1880,mobile phone
1969,map
2546,mask
2676,honeymoon
2682,shanghai
3181,pretended murder
3344,letter
3877,covered investigation
4277,to shoot dead
4697,video
4698,stamp
4699,hard drive
4700,e-mail
4701,decipherment
4702,suitcase
18118,disguise
33648,celebration
46958,good and bad
191881,research laboratory
222423,blast
840,usa president
41249,secret service
192099,the white house
12553,alien abduction
15101,based on children's book
1571,return
4456,frog
5490,girlfriend
9345,rubin
4332,peter pan
2051,intelligence
2393,adoption
5561,child prodigy
9825,growing up
10103,children
11478,talking dog
15162,dog
157303,first love
157894,ancient egypt
176056,time traveler
190100,new school
193213,george washington
195506,gags
199093,trouble
228041,prodigy
596,adultery
3258,beauty
3265,trojan war
4372,wall
4373,fraud
9725,sword fight
10141,battlefield
158553,pyre
189601,trojan horse
235615,trojan
235616,bronze age
235617,sparta greece
235618,helen of troy
235619,homer's iliad
3290,laser
208633,secret service agent
234365,space based weapon
5248,female friendship
15040,ghost hunting
1423,asteroid
1826,space marine
13027,wedding
164889,eiffel tower paris
199076,disaster movie
211487,space centre
2173,illegal immigration
2428,deportation
2547,new identity
3243,flying saucer
3760,light
509,denmark
2037,nordic mythology
2251,lie
3932,pride and vanity
4615,folk hero
5035,human weakness
7368,alienation
7411,festival hall
7412,sin
9920,royalty
161919,adult animation
196544,motion capture
478,china
15036,ancient china
184656,wuxia
17992,broken arm
156767,nuclear threat
3030,nightmare
9923,easter bunny
33597,tooth fairy
41581,jack frost
41584,sandman
1333,desperation
1621,robber
3607,hold-up robbery
10532,suburbia
14549,loss of job
33740,humiliation
156052,unemployment
157296,bankruptcy
160510,travel agent
211295,riches to rags
227863,bearer bonds
227864,comeuppance
1327,war crimes
1335,sense of guilt
1400,swordplay
1402,general
1543,war veteran
1908,katana
2001,arms deal
2156,homeland
2280,emperor
2568,language barrier
2796,self-discovery
2802,mountain village
2905,foreign legion
3070,mercenary
3073,commercial agreement
3074,insurgence
3078,war strategy
3080,gettysburg
4549,loss of husband
10089,slaughter
33457,alcoholic
33564,u.s. soldier
170007,japanese army
220492,war trauma
488,moses
3036,bible
211105,ramses
3822,teleportation
4040,space mission
4300,parachute
5100,supernova
9684,warp speed
9686,warp engine
12388,romulans
155212,vulcan
156282,alternate reality
4543,thanksgiving
5812,bad boss
169887,reference to superman
1157,wife husband relationship
2858,sacrifice
157499,mother son relationship
175421,death of husband
2906,nile
9727,thief
18034,desert
163338,egyptian mythology
185638,egyptian
227686,myth
1583,mass murder
4948,retirement
157938,soviet
173995,doomsday clock
174008,red square
174016,death of superhero
174019,american president
167377,lapd
167381,house on fire
188944,revolver
387,california
1419,gun
2766,mutation
2800,psychology
3695,berkeley
12393,golden gate bridge
18047,anger
46951,mirror
157344,phone
162365,military
163207,cell
179100,hulk
184987,repressed memory
222797,repression
321,terror
782,assassin
2534,missile
18420,surveillance
168297,tyrant
168302,ironclad ship
3994,battle assignment
12413,downfall
279,usa
2652,nazis
11064,nazi germany
15060,period drama
41523,brooklyn new york city
6731,british
10590,oil
41185,heiress
41188,bilbao spain
182662,naturalist
182664,frigate
182671,self surgery
182677,sea battle
182681,weevil
160184,super strength
185616,imprinting
185628,cross breed
185629,bloodsucker
185632,grudge
185633,vampire vs vampire
185644,chief of police
185645,dhampir
185648,forks washington
185653,wolf pack
185655,misinformation
231407,fang vamp
1809,rio de janeiro
10718,fugitive
10834,super soldier
160977,virginia
200918,angry
202816,bruce banner
12663,little girl
14895,cannibal
227364,evil brother
570,rape
2522,grizzly bear
3593,wilderness
9454,frontier
10322,native american
14819,violence
157164,animal death
158175,bear attack
159138,death of son
185722,based on true events
194976,fur trapper
240,underdog
3720,power
4455,snail
6525,fast
33637,superpower
167986,racer
798,sheriff
1197,nevada
2551,pet
12764,rango
14569,chameleon
14570,las vegas
14571,cactus
14585,terrarium
14586,construction site
14587,armadillo
14588,disillusionment
744,madrid
1295,europe
3246,prosecution
3851,dangerous
3864,false identity
4087,revelation
6110,weapon
6710,interpol
10950,shootout
11134,espionage
14967,foot chase
18269,moskow
164148,dark past
185702,langley virginia
187844,flashback
226521,chase on the roof
226522,security leak
1310,mentor
1946,restaurant
1998,shop
6362,turtle
9362,sensei
14955,fighting
33401,master
185319,monkey warrior
193046,noodle
271,competition
1382,factory
2136,television
2903,propaganda
8862,uprising
11196,rebellion
11221,blood
11322,female protagonist
15017,danger
171956,winner
197194,alien friendship
235972,awful leader
235974,taking resposibility
447,post traumatic stress  disorder
586,new jersey
207569,human subjugation
416,miami
529,ku klux klan
701,cuba
1666,mexican standoff
1941,ecstasy
7963,guantánamo
12371,gunfight
12648,bromance
13142,gangster
15271,interrogation
15483,car chase
18026,drug lord
18067,exploding house
155799,narcotics cop
156117,illegal drugs
156805,dea agent
167316,buddy cop
219404,action hero
226380,haitian gang
226381,minefield
4414,adventure
441,assassination
2106,cold war
2111,soviet union
3637,double agent
12366,hitwoman
190654,russian spy
190981,intelligence officer
208314,action heroine
9649,god
195790,noah
3423,liquor
10733,sunken treasure
11121,plot
12193,reporter
210313,action
3904,griffon
33783,dark
33784,muggle
440,missionary
2752,ranch
7856,racist
9656,cattle drive
221178,stampede
229066,waltzing matilda
229067,trampled to death
4803,comet
10506,prehistoric
10789,prehistoric egg
161186,nesting grounds
166958,prehistoric creature
178645,prehistoric adventure
181033,lemur
183414,prehistoric times
1406,night watchman
5647,natural history
9682,history
248,date
378,prison
1357,fish
1919,mayor
2217,rain
4127,one-sided love
219826,stronger villain
1441,christmas party
3335,halloween
1321,gold
4668,police operation
10327,undead
207199,police department
1459,marriage proposal
3266,jamaica
4062,skeleton
5744,governor
11086,wooden eye
11087,gold coin
167861,caribbean
185200,pirate ship
235625,capuchin monkey
235626,tortuga
836,resistance
18249,game
162484,future war
162845,revolt
165299,class prejudice
113,holy grail
186,christianity
345,monk
1222,zurich
2908,secret society
2966,louvre
2969,curator
2970,symbologist
2975,opus dei
2976,heresy
2978,mona lisa
4008,freemason
11855,pentagram
156081,tomb
161507,cryptologist
161508,iconography
163531,albino
173162,sect
2646,bird
33928,audition
166103,amazon rainforest
198270,parrots
1161,brazil
1812,fbi
6089,freedom
9777,escape from prison
9844,car crash
11148,police chase
12414,escaped convict
1752,detective inspector
10863,medusa
11624,mythological beast
33696,sea monster
161171,kraken
560,oxygen
769,falsely accused
848,double life
1475,telepathy
3249,hologram
187008,false memory
187046,implanted memory
1964,cave
1975,arabian
5475,scandinavia
5894,bagdad
5939,iraq
5729,maryland
11767,suicide by gunshot
15219,rooftop
18254,laptop
181620,tracking device
181623,fake id
181628,seoul south korea
181632,pharmaceutical lab
181635,government conspiracy
181637,roof chase
181641,manila philippines
181644,hunted
181648,false passport
181650,alberta canada
181651,lieutenant general
10452,credit card
1605,new love
2210,climate change
2212,greenhouse effect
2213,tornado
2214,twister
2215,hurricane
2216,hail
2218,temperature drop
2219,ice age
2220,polar zone
2221,meteorology
2222,gulfstream
2223,barrier ice
2224,ice melting
2225,third world
2226,exodus
2227,evacuation
3693,climate
157160,antarctic
514,spain
720,helicopter
1418,skyscraper
2695,ex-lover
14675,lethal virus
18031,rescue team
33705,agent
13046,grocery
168663,jamaican
168669,meteorologist
168672,rescue boat
168673,marina
168676,city hall
168678,the flemish cap
168679,male camaraderie
168683,storm at sea
1671,surfboard
3376,satellite
6506,resurrection
33456,double cross
160117,fantastic four
175975,earth in peril
202541,silver surfer
222915,forcefield
227591,elasticity
227595,absorbing power
4096,hindu
12971,zookeeper
18068,teenage boy
158022,cargo ship
163000,lifeboat
163014,injured animal
2870,mephisto
3684,religion and supernatural
4084,devil's son
5280,ghost world
5452,stunts
5454,flame
642,robbery
803,android
15285,spin off
163402,creation
168835,emergency surgery
181895,stasis
181900,archeological dig
181905,god complex
181908,cave drawing
233300,genetic mutation
236312,origins of life
2639,falcon
179823,class conflict
221654,intergalactic travel
6149,police
18021,detroit
963,loss of brother
128,love triangle
1480,baseball
10456,athlete
822,airport
2101,garage
6399,rope
9778,exploding building
33352,police car
11930,drone
186497,human vs alien
797,showdown
10013,death star
11491,cult figure
160840,dream sequence
160946,expectant mother
163272,chancel
163277,childbirth
163295,galactic war
1399,senate
5340,investigation
10527,jedi
14922,kendo
18069,laser gun
163239,spaceport
163242,teenage rebellion
163248,good becoming evil
163255,mechanical hand
198710,yoda
3256,infant
6107,energy supply
6129,company
12011,hijinks
13124,scream
167106,conveyor belt
204006,energy company
225061,friend
2504,world war i
2063,taskmaster
4270,galaxy
6128,taxes
4428,stone age
159955,cavemen
1396,colosseum
2070,olympic games
3035,roman
5276,wild boar
6088,governance
6716,galier
4305,radio transmission
4405,marine corps
4595,u.s. army
4950,code
9524,navajo
9525,pacific war
211392,huntsman
4580,van
14512,new york city
41412,sewer
198781,science experiment
6203,loss
191586,trapped in space
1415,small town
2669,motel
2859,lava
3623,cabin
6281,partnership
7051,volcanologist
158272,seismograph
164658,rowboat
188351,catastrophe
208580,acid
211215,county fair
215861,abandoned mine
220844,volcanic ash
5086,telekinesis
7939,portal
191564,body horror
205731,invisible woman
4225,night shift
5146,genghis khan
41180,security guard
3521,earthquake
189411,disaster film
213895,san andreas
213896,san andreas california
222529,rescue operation
1774,news broadcast
2954,manipulation of the media
3272,secret intelligence service
3531,special car
3586,tv station
3587,media tycoon
164713,hamburg germany
531,southern usa
697,loss of son
1465,loss of family
2983,passion
4653,french
5992,south carolina
10292,gore
159480,fabergé egg
159488,dutch eastindian company
159490,second
159491,part
159496,golden egg
159497,goon
258,bomb
1376,assault rifle
2708,hitman
4049,decoy
5809,marriage crisis
8438,job
10061,dysfunctional marriage
14677,bullet wound
162988,dystopic future
206298,young adult
211389,divergent
2336,ladykiller
5565,biography
9094,womanizer
10168,aviation
10352,phobia
33483,u.s. congress
221446,flying boat
229078,test flight
736,journalist
154794,royal court
2016,vandalism
2334,nightclub
4728,knife
8508,party
9639,playboy
11060,trap
15482,kato
15484,meth lab
18712,based on graphic novel
188955,hand to hand combat
190999,minions
195862,naval warfare
15072,smurf
15073,blue
15074,vortex
15075,mischief
15076,cat and mouse
4932,farm
5543,cow
6075,sport
166802,prizefighting
180574,father son reunion
202314,robot fighting
1422,boat
2799,cruise
33461,diamond
228194,collision course
3010,intolerance
10568,science fiction
171803,military school
207444,morality tale
2157,hacker
3543,transport of prisoners
3612,traffic jam
5572,fistfight
8440,ex-cop
15156,cell phone
33553,walkie talkie
165340,based on article
218122,cyber terrorism
226846,power plant
2407,fireworks
4587,password
385,jules verne
1847,istanbul
3497,hot air balloon
5973,journey round the world
396,transporter
12562,muhammad
977,cat
3925,boredom
6669,step father
520,chicago
3703,law
220903,humanoid robot
2868,crusade
10491,swordsman
14656,order of the templars
14989,religious
208681,knight templars
222337,saladin
222340,king richard
6783,orphanage
7714,step brother
10064,new york city twin towers
3392,voodoo
5091,kiss
155180,cajun
178902,firefly
181329,big dreams
192995,frog prince
197935,charlatan
1533,isolation
4003,botanist
10160,engineering
156810,science
168603,deep space explorer
196367,battle for survival
402,clone
741,transplantation
6017,genetics
11628,cloning
2301,architect
3457,cellist
190816,anniversary
703,detective
915,car thief
1936,blackmail
5301,brother
15100,lock pick
41158,stakeout
161636,car movie
162842,stolen cars
226581,ford mustang
227900,blacklight
1394,gladiator
1405,roman empire
2831,slavery
179780,chariot
192230,philosopher
235791,barbarian horde
235792,2nd century
235793,successor
476,self-fulfilling prophecy
2620,evidence
207268,neo-noir
236189,future noir
391,flying car
3891,giant snake
131,italy
383,poker
585,casino
3515,banker
10609,free running
13006,torture
206125,montenegro
690,gorilla
1828,space suit
1366,shotgun
11426,moral ambiguity
11857,mental institution
160131,morphing
162532,shape shifter
175468,savior
175472,catch phrase
1388,cinema
2430,hiding place
9774,prison guard
155443,dillinger
577,black people
2149,drug traffic
3391,drug smuggle
3734,ambition
6974,rise and fall
8015,cop
11733,drug dealing
11734,police corruption
15167,police detective
163081,law enforcement
193305,dishonesty
206701,criminal heroes
1196,florida
2284,horseback riding
3546,florida keys
161520,terrorist plot
167444,top secret
167451,woman with glasses
167455,hit with a telephone
167461,truth serum
167466,mushroom cloud
167467,jackhammer
217421,key west
155735,new york subway
177489,subway train
177493,stock market
177501,motorcycle crash
177502,subway tunnel
4604,father-in-law
5569,vomit
10425,viagra
2398,narration
167529,ceo
167531,fire truck
167536,shot in the shoulder
167538,zip line
167541,buddy comedy
167542,carjacking
3581,witness
4009,witness protection
10202,treason
11207,u.s. marshal
156334,corporate crime
176802,rogue agent
191600,assassination attempt
228607,x-ray vision
228610,railgun
801,bounty hunter
3136,plantation
12425,racism
33780,dentist
160324,django
163129,dual role
187376,odd couple
188772,black slave
202703,deadly
206687,chases and races
934,judge
2422,mockery
2544,ugliness
2638,cathedral
5090,fool
11001,religion
158787,army captain
160213,festival
177894,witch hunt
213097,15th century
1421,birthday
3998,palace
9360,berater
207745,llama
9791,number in title
12617,airplane crash
159753,ensemble cast
162085,loss of friend
162487,wisecrack humor
179305,airport lounge
179321,asian woman
5457,mythical creature
170173,children's book
170667,igloo
170669,wolf costume
170677,swallowed whole
170678,hit with a rock
170682,lying
170688,falling down a hill
170703,snowball fight
207597,children's perspectives
159075,miniature people
612,hotel
4654,undercover agent
572,sex
1499,pastor
2483,nudity
5545,satanist
8685,anti-christ
8686,millenium
8778,atheist
10093,priest
14765,church
14999,devil
172382,woman in jeopardy
181375,satanic
199978,stigmata
917,journalism
3379,diamond mine
5417,sierra leone
5419,bootlegger
5420,fisherman
5422,special unit
6212,smuggling
33617,genocide in rwanda
158455,oppression
738,sexuality
974,bank
3923,humor
5636,wall street
10631,stockbroker
14964,drug
179018,stock broker
3259,rose
10486,robin
10525,broken neck
11268,psychologist
15009,criminal
33626,millionaire
33981,falling down stairs
34156,tied up
156116,tommy gun
157166,beretta
157583,knocked out
170383,disfigurement
170652,father figure
2900,buenos aires
2902,space battle
8201,satire
161247,drill instructor
184584,century
214548,1930s
3905,owl
418,white russian
4411,sexism
6496,basketball
10843,superheroine
11738,evil corporation
180734,masked superhero
236969,cat lady
187301,hercules
209482,sagen
4418,pirate gang
9736,little boy
11088,treasure map
13194,planet
156316,troubled teen
196483,space pirate
4862,alien life-form
177280,primate
11107,rescue mission
157424,sledgehammer
12189,extreme sports
18525,fbi agent
1009,baby
4676,whale
33829,whaling
41393,new england
179578,lost at sea
187318,whaling ship
188266,starvation
208048,cannibalism
219785,reference to moby dick
223211,whale oil
223212,nantucket
1010,bar
6220,mafia boss
41177,weapon of mass destruction
41178,baghdad
41179,iraqi 
11825,based on comic strip
210469,charlie brown
221015,snoopy
811,dialogue
3338,invention
10183,independent film
5153,son
163306,bracelet
1857,irish-american
2356,immigrant
2987,gang war
3430,pickpocket
3882,gang of thieves
4452,butcher
4931,pig
10726,gang
173251,forced prostitution
173254,child rape
1477,world cup
1524,surfer
1669,wave
5378,world champion
5614,idol
11800,mockumentary
3451,housewife
1968,prisoners of war
2820,wound
4265,somalia
4267,warlord
10174,delta force
6078,politics
6083,politician
6085,election campaign
181654, north carolinam
181655,congressman
181656,political candidate
181657,moustache
181659,political corruption
181668,campaign manager
181682,campaign finance
444,taxi
3622,stowaway
11290,cab driver
164920,opera singer
169593,resort hotel
172718,ancient astronaut
223344,archeologist
229863,ancient evil
234630,cruise liner
183413,blue footed booby
183415,melting ice
183418,badger
183421,elephant seal
183422,floating ice
183425,land bridge
193193,era
193194,glaciale
193196,deriva
995,cinderella
158438,lost shoe
3352,tree
6381,loss of daughter
10714,serial killer
13092,corpse
14576,pedophile
18425,teenage love
172291,grieving
184988,childhood sexual abuse
10026,harbor
14785,underwater
33759,fish tank
33760,great barrier reef
156948,missing child
180557,short term memory loss
180568,clownfish
181068,protective father
3301,suspicion
9812,honor
14707,brutality
173700,end of trilogy
4268,fort
33788,guide
177900,witch hunter
177901,evil witch
1529,buddhist monk
5295,planetary configuration
5959,angkor wat
5961,william blake
9678,mind control
193013,extremist
199320,computer scientist
205852,mind transfer
205853,quantum computer
205854,mind uploading
1719,paleontology
1770,spinosaurus
4392,cage
158101,alzheimer's disease
14768,single mother
160980,mother child relationship
180724,hidden truth
195269,magical creature
223448,fairies
2139,russia
18074,courthouse
186447,rogue
186450,moscow
3776,officer
155466,alamo
163127,mexican
7335,lawsuit
5470,scalp
44365,poseidon  
68838,lightning bolt
3240,giant cockroach
3242,cannon
4751,stay permit
3394,identity crisis
4294,flea market
4295,collector
4298,teamwork
175343,garage sale
163228,runaway train
3358,haunted house
10112,ouija board
10224,haunting
11169,missing girl
3694,weather
10637,food
3450,bridge
6255,insanity
17985,birth
1003,photographer
4620,magazine
5746,iceland
5779,daydream
13094,photograph
18326,fired from the job
33355,skateboard
182195,online dating
188841,daydreaming
1680,boston
10391,mafia
11199,undercover cop
11578,mobster
14617,mole
177235,state police
177258,police training
177259,realtor
5719,cricket
157904,luck
162262,movie star
167475,southeast asia
167477,land mine
167486,shackles
167492,war filmmaking
184816,blackface
224875,method acting
4470,punk
10371,antisocial personality disorder
10941,disappearance
12361,hacking
155555,computer hacker
156386,bible quote
197952,scandinavian
207691,abuse
177309,simon says
188329,dump truck
192707,aqueduct
226838,federal reserve bank
770,scotland yard
1909,coffin
9401,sherlock holmes
33514,clue
232766,vengeance
2768,atlantis
10986,chipmunk
3063,adolf hitler
4812,plan
10786,colonel
11122,german officer
11123,piano wire
536,israel
928,hairdresser
3037,mossad
3038,israeli
3039,palestinian
3188,heart-throb
5907,middle east conflict
6785,hairstyle
8932,hacky sack
192962,alien attack
220855,pixels
549,prostitute
936,loss of mother
1603,extraterrestrial technology
3244,pinocchio
3248,gigolo
161891,doppelganger
352,secret passage
2918,estate agent
14724,family vacation
2846,prime number
3412,star
3416,radio wave
3419,fanatic
10706,spirituality
159961,ham radio
160515,alien contact
162356,mechanical engineering
162357,observatory
226028,eccentric man
226240,radio telescope
4005,human experimentation
160130,invisible man
407,dictator
434,destruction of a civilization
15053,united nations
15155,witness to murder
174375,resistance fighter
351,poison
2034,hermes
14667,poseidon
180548,demigod
180909,golden fleece
180912,olympus
221835,kronos
221836,overthrow olympus
3510,kenia
5962,pandora's box
5964,chinese mafia
228519,macau china
236458,magician
5138,gas
6168,master thief
186946,the saint
11440,long take
157444,dismemberment
7453,canary
12649,samba
236475,rio 1
236476,río 1
2142,anonymity
7005,northern ireland
339,submarine
4607,core melt
6790,north atlantic
155652,nuclear
1522,repayment
4798,despot
14665,barbarian
1199,netherlands
1952,socially deprived family
2783,family's daily life
4487,boxing match
4610,comeback
4614,heavy weight
6066,defeat
643,horse race
2355,american dream
3525,racehorse
5571,great depression
2493,oklahoma
3337,metereologist
3875,barn
9276,truck
12335,aunt niece relationship
12336,storm chaser
15160,divorce
1252,suicide attempt
5605,volleyball
9957,loneliness
155746,deserted island
157524,tropical island
170319,survival skills
4345,tap dancing
9986,crush
12990,singing
14728,antarctica
1589,sniper
18520,though guy
18522,one against many
33779,rail car
1954,ultimatum
7188,hostage-taking
8986,air force one
10237,aerial combat
15089,fighter plane
200808,negotiation
207901,political prisoner
226150,airplane hijack
3688,strip club
10453,con artist
10530,atlantic city
11362,cockney accent
159355,card dealer
159358,explosives expert
159362,black and white scene
159369,male
159370,salt lake city utah
14577,musketeer
207941,17th century
2904,mummy
3633,dracula
5891,backpacker
6737,frankenstein
11155,wolfman
179860, nosferatu
193521,part animation
41668,safe house
176806,cape town south africa
176809,soccer stadium
3398,release from prison
5424,women's prison
6491,society for the prevention of cruelty to animals
8841,puppy
8905,pelz
158369,dalmatian
12547,billionaire
15275,parade
33632,apartment
156640,high rise
158750,female agent
159325,ponzi scheme
159330,empty safe
159333,caper comedy
159334,planning
159339,safecracker
159341,recruiting
159343,heist movie
159346,deceit
159350,lobby
1655,country house
5854,room exchange
6581,surrey
171366,multiple storylines
1284,identity
2980,wiretap
3635,national security agency (nsa)
10092,mystery
18419,privacy
158938,baltimore maryland
227411,secret hideout
3687,graduation
5982,ex husband
159772,pretending to be rich
159783,labor strike
414,hunter
3208,bunny
7946,deer
158279,hunt
14751,youth
180492,caste system
4264,stalingrad
800,bounty
5968,amazon
9732,movie in movie
11931,spoof
15284,cartoon cat
160612,self-referential
161849,projectionist
161868,child's point of view
1156,sister sister relationship
1411,brothel
4342,geisha
1926,car journey
3296,car mechanic
3796,auto
6996,car garage
10931,drifting
314,life and death
699,love at first sight
978,broken engagement
10855,fate
2148,colombia
41019,car explosion
206544,bomb attack
18298,tv show in film
33731,stand-up comedian
156028,broadway
156507,rainstorm
157959,surgery
165399,editing
165402,semi autobiographical
165407,restroom
165419,screening room
165420,amphetamine
165423,prescription drug abuse
2013,attempted murder
7325,cockroach
15206,woman fights man
15320,insecurity
169339,snow kingdom
169350,enchantress
169356,gala
169358,financial problem
169362,pendant
169366,half naked man
169367,returning money
169378,evil plot
170335,whipping
175297,hipster
175301,underage girlfriend
175309,animated flashback
175314,character's point of view camera shot
175316,unconsciousness
175321,girl fight
175322,vegan
5178,magnetic field
187033,center of the earth
9181,alter ego
10125,mad scientist
160450,dean
1735,amateur detective
10793,resort
223067,crime solving
1761,metropolis
5822,executive case
14687,extreme violence
14742,psychic
15108,justice
162993,dark humor
162994,expert marksman
185434,rookie
203165,dredd
236590,2000 ad
802,regret
1022,workaholic
1786,heart attack
8506,remote control
11390,liposuction
34004,second chance
162225,fatherhood
175536,obese
5404,meteor
7172,buried alive
9706,anthology
11321,animated sequence
157351,living dead
704,adolescence
1452,loss of child
4986,enemy
6170,motherly love
2096,auction
9403,resignation
18096,spear
18149,cut arm
33933,split screen
157789,arm ripped off
174203,remorse
174209,self exile
174222,vanishing figure
226774,father son conflict
918,newspaper
3152,planned murder
4123,embassy
4399,victim
4923,threat to death
4942,victim of murder
196376,sci-fi thriller
457,responsability
725,lovesickness
6157,prayer
40884,blade
2112,headquarter
3268,secret base
3530,prague
4683,tgv
3298,hallucination
18106,knife throwing
18109,knife fight
164092,blindness
179751,glamour
179776,roasted pig
179778,sponsor
179781,fictional tv show
179803,mine explosion
11461,hangover
5570,christmas tree
15002,dark hero
15481,fictional city
173861,deformed
173866,bird cage
173867,evil circus
214644,christmas holiday
990,squirrel
1240,eating and drinking
1950,vororte
2105,garden
2847,entrapment
2922,suburbian idyll
3700,garbage
7125,hiding in a garbage container
7948,skunk
7949,racoon
168490,dead parents
5698,egg
6202,spring
11539,grass
33621,desk
33623,raincoat
206052,talking pig
6941,tsunami
10222,astronomer
166571,hired killer
182185,exploding airplane
579,american football
1563,prisoner
5418,supervisor
11095,cruise ship
234363,overboard
246,dancing
4721,violin
33649,legs
10323,psychiatric hospital
11208,conspiracy theory
208611,1950s
10041,dysfunctional family
4480,business man
1865,biological weapon
3868,face transplant
3927,rage and hate
10614,tragedy
12391,boat chase
156786,prison escape
170212,criminal gang
188134,golden gun
194942,arch villain
208708,bullet ballet
187084,wishes come true
189449,disorder
202322,imaginary
206809,miraculous event
206810,imaginary kingdom
206811,life turned upside down
206812,nothing goes right
174984,homework
174985,shot in the chin
174994,soft boiled egg
175001,learning to drive
175005,spoiled son
175007,scarred face
175008,thompson sub machine gun
175011,frost on a window
175016,cauterizing a wound
175017,liberty half dollar
966,beach
1907,fictitious marriage
4585,plastic surgery
9767,beautiful woman
4245,hijacking
15234,convict
33482,war hero
195295,motorcycle chase
2314,pentagon
7375,twin brother
1806,deserter
33768,blind
1334,wedding vows
3092,slime
6348,green
2754,trauma
4142,insomnia
4479,bone
5374,poster
5918,painting
33587,child labor
154901,audio recording
155811,spiral staircase
167104,loner
169816,researcher
172801,insomniac
172808,paranormal activity
172812,logbook
172815, strange noise
172816,spook
172822,cherub
176746,basketball team
177208,basketball game
177216,referee
177218,basketball court
177219,tweety bird
177224,speedy gonzales
177227,cartoon chicken
177228,sylvester the cat
177230,cartoon reality crossover
177231,basketball hoop
177232,cartoon skunk
5439,inspector
159548,clouseau
159550,pink panther
217324,murder hunt
9738,ufo
11479,social commentary
14755,power outage
156388,environmentalism
156661,threat
161287,central park
209517,messenger
219965,nanobots
226763,disintegration
1749,taxi driver
2340,paranoia
2564,wheelchair
4934,theory
6318,control
192097,target
194581,geronimo
226689,newsletter
11102,panzer
191088,overleven
191089,family guy
2406,picnic
6878,sandwich
221037,yogi
8241,mustang
9902,wildlife
156234,cavalry
158264,indian war
158265,eyebrow
158266,wild horse
15147,german accent
15148,ostrich
15150,bullfrog
15151,car dealership
2944,senator
2952,gulf war
4707,canoe
8651,kuwait
46955,implant
14638,american
47024,pin
156104,stranger
196433,ruby
272,transylvania
4555,only child
14633,moving out
224472,new life
3537,orchestra
190719,musical segments
293,female nudity
156121,ex-con
159384,wire
159399,los angeles international airport (lax)
159401,misdirection
534,mexico
179585,american civil war
439,paradise
634,soul
4116,heaven
6154,hell
210530,spiritism
167707,bulldogg
2132,literature
464,total destruction
1280,lasergun
1705,congress
2867,pest
10721,pregnant
4522,supermodel
4811,emergency landing
1815,atomic bomb
4170,john f. kennedy
9342,kubakrise
5369,guard
18029,trapped
207528,trapped underground
6015,mining
9878,fighter jet
159314,scientology
208997,bureaucrat
213987,city ruin
1339,duck
166329,film industry
209220,live action and animation
10937,memory
165735,sidewalk cafe
165736,room key
165746,driving a car
165748,coastline
165749,stairway
165752,search for meaning
165761,sequins
165763,singing photograph
165764,sliding down a pole
165765,costume designer
1992,professor
8701,hundred years' war
9032,excavation
9532,la roque
189151,medieval times
3804,post
4461,postman
2206,piggy bank
4900,shortage of money
8082,piglet
157972,chimpanzee
1527,gladiator fight
14906,slave
41642,town in panic
180473,pompeii
30,individual
222,schizophrenia
1700,massachusetts
2303,mathematician
2304,market economy
2305,economic theory
2307,princeton university
2309,nobel prize
2461,mathematical theorem
2462,m.i.t.
6009,mathematics
6262,delusion
2143,loss of parents
11326,shaman
14767,scar
18136,hyena
18153,meerkat
40894,mysterious island
156091,missing person
6259,psychopath
999,sports car
3469,utopia
10226,neighbor
10707,mother daughter relationship
10873,school
10938,old man
14532,crazy
170647,story
180787,social differences
161290,sleeping
162502,news report
162511,text messaging
162512,siren
162515,contamination
11687,breaking the fourth wall
15067,talking to the camera
167043,road movie
196726,celebrity cameo
33347,apartment building
158225,terrier
168346,"manhattan, new york city"
204052,rodent
229051,mongrel
4197,bite
5458,men
191409,captain nemo
191439,allan quatermain
206581,venezia
232533,immortal
7397,bakery
13072,falling in love
184783,first date
1825,countdown
4097,independence
4278,invasion
9739,extraterrestrial
1768,san diego
2510,giraffe
318,police state
458,hippie
2618,miracle
4995,aging
5885,childlessness
41589,dying
3045,mission of murder
3293,gas attack
3859,alcatraz
18233,hostage situation
2078,mammoth
2079,sloth
3528,flooding
4875,deluge
158017,saber-toothed tiger
890,races
2571,tv show
3060,race politics
5736,coloured
6027,music
6090,equality
6275,school party
6706,performance
6713,integration
8663,overweight woman
158375,based on stage musical
160910,xenophobia
165317,based on film
2626,exorcism
11083,paganism
161261,demonic possession
161935,relic
179567,crisis of faith
179568,archaeological dig
1683,gadget
1953,vault
2411,new orleans
2064,overweight
6954,swing
7600,foot
11428,convertible
11715,arrow
1638,translation
1846,craftsman
2080,stewardess
3013,jfk international airport
3014,immigration law
3015,fast food restaurant
3016,security camera
3017,jazz musician
3018,saxophonist
3019,autograph
3022,passport
3023,eastern europe
12341,pitbull
158394,foster home
158395,animal lover
158415,beagle
7021,pakistan
8624,climbing
9356,k2
160177,mountaineering
209504,karakoram
973,refugee camp
2808,russian
4531,munition
7158,war in afghanistan
7597,dollar
7879,secret love
532,music record
554,manager
1803,drug addiction
3089,oscar award
4481,deceived wife
4741,recording contract
4742,background singer
4744,motown
4745,the supremes
4746,record producer
10229,singer
34094,extramarital affair
41591,music band
3605,baseball bat
4129,widow
5718,recording studio
8045,russian mafia
10572,music business
10712,night club
163949,pawnshop
922,hotel room
2437,munich
3043,beirut
3046,ailul al aswad
3047,plo
3048,bomb constructor
3049,baader-meinhof group
3052,olympian village
7587,nigeria
197822,american spy
213,upper class
456,mother
1716,milieu
3200,platonic love
3595,deceived husband
4034,class society
5083,hysteria
5616,united states–mexico barrier
5625,relationship problems
6069,class
6277,language course
208349,child
3966,camelot
10982,king arthur
177128,excalibur
177129,knights of the round table
2122,death penalty
3434,thailand
5499,burma
197602,denunciation
14903,home invasion
159710,hostage negotiator
897,rap music
4884,infection
11131,biohazard
14673,disease
14782,trust
33465,parallel world
175884,organ donation
175887,horniness agent
4718,gobi desert
15354,struggle for survival
4619,train accident
5451,comic book
3487,assistant
189481,evil mastermind
2884,asylum
3026,reality
18128,inmate
18677,alternative
170344,imagination
189400,lobotomy
2339,political activism
15090,police officer
3576,raumschiffabsturz
162350,ocean floor
162351,deepsea
199263,anger management
1227,cemetery
3342,yacht
3345,bahamas
3468,jet ski
10503,scuba diving
163758,ex-husband ex-wife relationship
194943,henchmen
3485,comedian
10163,cancer
5174,saudi arabia
6780,medical examiner
173259,arab
5922,north carolina
9848,family dinner
15086,advertising
33726,motor
161630,nascar
161635,dog trainer
161643,sport competition
161647,psychosomatic illness
161652,french stereotype
216921,animal protection
930,in love with enemy
3754,legend
6987,idealism
189433,tyranny
5175,petrol
161236,golf war
188114,u.s. marine
1889,lake
2181,springfield
2184,the simpsons
2205,duff beer
6305,pollution
6832,environmental protection agency
6898,quarantine
9880,alaska
15174,ecology
40922,saving lives
192544,donuts
7059,anti-communism
12396,hollywood
13028,writer
795,running
3658,career
6363,racing car
2960,cambodia
41585,travelling circus
164663,courtship
170179,mentally handicapped man
206706,human nature
220979,aura
233027,romantic
233324,village council
18255,rural
167642,crop circle
223213,rural pennsylvania
223471,rural america
228280,rural farm
228753,loss of faith
229652,alien encounter
2434,liberation
3453,parents-in-law
4158,enchantment
4159,dancing scene
3787,village and town
4944,route 66
4945,wrecker
4946,porsche
6007,media
3455,just married
14534,relationship
217142,nsa agent
234505,adrenaline junkie
234506,thrill seeker
190852,sponge
204222,spongebob
1584,yellow press
4725,baby-snatching
1008,guerrilla
1560,dynamite
2433,jew persecution
2606,jew
3260,masochism
6538,winston churchill
9851,knife in hand
10144,anti semitism
11105,swastika
11249,blood bath
13519,german occupation of france
163656,gun violence
4709,hand grenade
10808,dulles international airport
11720,officer involved shooting
156788,swat team
158770,air traffic control
195741,commando unit
207771,snowmobile
1595,ex-girlfriend
8181,swimming pool
9188,nixe
1297,predator
1378,laserpointer
1949,pyramid
6049,praise
226177,xenomorph
422,vietnam veteran
2957,vietnam war
9052,major
11139,steel helmet
33403,bayonet
167234,vietnamese
158774,terrorist attack
162388,retribution
162392,spacecraft officer
162399,exploding ship
6968,space invasion
11400,sergeant
193552,heroic mission
193907,evil alien
206705,chaos and mayham
1495,fishing
2517,leech
3206,story teller
4073,apoplectic stroke
4120,fair
156192,gentle giant
2499,heal
11332,farm life
13129,execution
157960,plowing
157961,artillery
156031,art theft
160224,post world war ii
2772,diving suit
3312,nuclear missile
155334,scuba
185477,trapped underwater 
233020,thalassophobia
214410,ottoman empire
225470,vlad
232534,tepes
187,islam
789,muslim
7336,car bomb
6998,falling star
10048,unrequited love
170771,fratricide
188,buddhism
2385,monsoon
4558,tibet
4559,dalai lama
4560,mountaineer
4561,lhasa
10459,dilemma
11509,cheating on partner
2348,hustler
3979,hidden camera
10325,mistaken identity
18107,silencer
160364,impersonation
162482,severed ear
162491,commando mission
810,budapest
5362,liberation of hostage
9410,hybrid
9668,child vampire
176729,lab experiment
180084,werewolf child
8900,rocker
165100,young love
165102,rock sta
10859,tribunal
11038,trial
14519,military tribunal
5970,wrestling
6234,roller-skating
34000,motorcycle racing
155720,rollerskating
155742,future sport
5440,adversary
4898,armored car
8207,crook
160488,hoodlum
5198,cold
6681,flu
188326,construction worker
6847,malaysia
7321,nuclear power plant
158111,no opening credits
183817,stock exchange
209853,cybercrime
218124,chinese military
218130,cyber terrorist
218132,cyber thriller
4850,computer war
255,male nudity
161693,soho london
161694,playing god
161705,jacuzzi
214596,cia agent
221954,city of argos
221955,mistaken parentage
155723,jack ryan
3356,quebec
155331,jewel
159408,scepter
159410,customs house
159413,jewelry heist
159419,blueprint
159422,assumed identity
159425,schematic
159431,voice over
159433,surveillance camera
159434,one last job
4130,adoptive father
7393,life's dream
10261,stealing
10551,ballet
156928,tomboy
160097,intelligent
219832,despicable
235459,cattivissimo
156120,train robbery
5098,sperm bank
15214,buddy
193682,married
6158,cult
6165,historical figure
155651,fall in love
161164,hypatia
161166,misogyny
161167,persecution
161168,library of alexandria
165259,political unrest
179367,impossible love
190532,false history
206713,master and servant
420,bowling
3465,sphinx
4924,insane asylum
6100,tools
8642,casanova
15084,skull
41376,shovel
155490,disco
157677,superhero spoof
178857,dark horse comics
192389,rajah
200646,bowling ball
211711,spleen
211712,evil genius
3664,research
4434,interview
6357,tobacco
8231,insider
209799,whistleblower
211141,columbia broadcasting system (cbs)
219681,tobacco industry
3547,coast guard
180100,sinking ship
6292,jordan
9145,dubai
9846,intelligence agency
9849,beating
2415,idiot
9719,taxidermy
209409,abraham lincoln
1448,distrust
14669,older man younger woman relationship
14789,art thief
159468,millennium
227432,kuala lumpur malaysia
3271,secret organization
3288,secret lab
4249,x-files
5049,ancient rome
8659,western roman empire
194576,julius caesar
4299,normandy
4302,troops
4303,waffen ss
4304,omaha beach
7956,cowardice
11108,american flag
11111,war memorial
11371,deserted town
207883,1940s
9666,street race
10494,super cars
11058,super speed
515,women
168750,advertising executive
311,human evolution
192918,prehistoric man
6001,speech
155294,family conflict
159103,mourning
185718,cultural conflict
185723,battle of gettysburg
185728,secession
185730,presidential cabinet
185733,gettysburg address
185736,conflagration
185740,ethical dilemma
185742,emancipation
194063,messiah
2345,spaceman
9609,houston
184994,saturn v rocket
193479,hypothermia
226233,apollo program
226234,cape kennedy
226235,lunar mission
226236,spacecraft accident
1526,home
12200,saving christmas
254,france
15232,parole
186951,girl disguised as boy
1412,becoming an adult
4970,autonomy
5707,childhood trauma
8631,slacker
14647,man child
3306,highway
11546,hitchhiker
15210,wallet
15211,sunglasses
15212,rest stop
15213,vicodin
15215,waffle
208820,olympic athlete
172971,elderly
2805,rocky mountains
159212,mountain climbing
229053,mountain
1353,underground
8122,canyon
15263,park ranger
208547,nuclear device
209476,boxing
214472,stealth aircraft
219869,humvee
1599,midlife crisis
1660,suppressed past
2417,self-awareness
3321,childhood memory
708,runaway
905,alarm clock
18030,rubble
171452,faculty
171453,art history
171459,rowing
171461,school nurse
171468,femininity
171469,teacher hero
171473,womens issues
190066,kurdish
459,sexual obsession
460,free love
826,heterosexual
1664,eroticism
1817,orgy
2404,masked ball
10776,marijuana
33625,illegal prostitution
155643,foster child
3182,seduction
3202,con man
9016,femme fatale
13043,dating
182178,sushi bar
182196,stable
182198,karate class
182204,dog shelter
9259,vampire hunter
14731,martial arts master
14926,katana sword
166720,vampire slayer
174871,fast motion scene
174878,female vampire
1981,colorado
40847,near future
193008,red army
2946,presidential election
3692,scandal
6375,george w. bush
12369,tokyo japan
197990,mega corporation
9775,car set on fire
9779,vehicle combat
10123,dark comedy
41414,timebomb
166625,candlelight vigil
188907,street shootout
212801,ex cia agent
228081,christmas parade
6095,house
1541,nihilism
1482,trainer
2967,leonardo da vinci
902,weather forecast
4258,lottery
7832,wettermann
11061,debt
6152,supernatural
11408,gargoyles
15001,demon
516,child abuse
714,child labour
6272,children's home
12367,female assassin
7089,dominatrix
15016,twins
188127,police sergeant
208397,death of wife
3373,snow storm
5827,hiking
156783,blizzard
192779,mount everest
1866,bad smell
3568,lone wolf
5558,lavender
5560,nose
5562,fish market
6257,genius
158194,perfume
1375,submachine gun
1690,belgium
1881,dutch
3346,sumo ringer
3371,family history
4507,clowning
4539,overweight man
15267,james bond spoof
1764,triceratops
1765,brontosaurus
1767,electric fence
75,gunslinger
395,gambling
1559,deputy sheriff
5074,wyatt earp
9550,doc holliday
2532,bomber
5265,spying
10175,drug cartel
11106,infantry
226620,political cover-up
5290,small person
33476,widower
211505,wildlife conservation
6483,ice hockey
8616,guru
10540,bollywood
14636,india
180824,spiritualist
192394,broken heart
195730,self-help
196271,stanley cup
208470,chastity
208471,ashram
208473,expert
5694,elvis
159449,reference to elvis presley
1016,wyoming
7150,hangman
33600,stagecoach
187321,post civil war
157168,ice skating
9921,easter
3597,evisceration
5538,javelin
8637,fall from height
171603,s.a.t.
2088,anti-authoritarian upbringing
3454,orderly
3456,sex therapy
6188,bad father-in-law
183886,illegitimate son
209064,columnist
791,mentally disabled
2501,death row
2881,jail guard
11263,electric chair
156597,magic realism
167696,healing
180162,death row inmate
7312,road trip
11475,politically incorrect
14736,motorcycle gang
168132,biker film
168135,awkwardness
168141,travel writer
176793,middle age
178517,middle aged man
2479,chicken
11513,cheating husband
169962,search party
191199,criminal lawyer
199073,wife murder
207431,murder suspect
222665,missing wife
107,barcelona spain
33507,multiple identities
174617,fishing boat
187023,safe deposit box
3278,kgb
3560,cossack
3561,electromagnetic pulse
3563,st. petersburg russia
3564,ejection seat
12365,gang rape
177185,videotape
227890,military law
2147,claustrophobia
10328,reality show
207063,make believe
207064,pretend
183814,hebrew
186939,pharaoh
3836,success
4590,kindergarten
15363,bank robbery
12097,allergy
110,venice
477,train station
8430,safe
9728,caper
10476,double crossed
10604,fast cars
158584,tv news
159510,hollywood sign
159511,television repair
177958,mini cooper
6592,parish hall
196407,environmental law
2346,worker
3126,ant
4967,assignment
161248,individuality
5828,yoga
6611,tahiti
8728,couples therapy
18480,tropical
215533,french polynesia
215534,polynésie française
6315,stock-car-race
6316,daytona
4498,big family
7269,labor pain
33694,family holiday
2158,maze
162344,antidote
188950,corporation
204967,runner
219843,immunity
7348,indonesia
192096,bali
184559,guardian angel
231932,career vs family
231933,life reprioritizing
11325,shot to death
12355,sniper rifle
18115,retired
18117,female spy
165909,alarm
5621,american football coach
155802,american football stadium
680,montana
1534,attachment to nature
2749,riding accident
2751,career woman
2753,horse whisperer
2755,country life
6711,crisis
13112,murderer
168110,ledge
168115,practical joke
180124,quarry
2988,shark attack
158108,killer shark
3490,pop star
6029,concert
6564,terminal illness
9744,outbreak
13004,medical
14674,vaccine
17995,epidemic
1322,money delivery
208662,kangaroo
4484,eye
10668,stuffed animal
33466,button
33467,new home
33468,secret door
14798,park
187291,strange behavior
156816,grenade launcher
181117,bloodshed
182733,swim meet
5133,body exchange
167715,informant
167724,jumping from a rooftop
167726,surveillance footage
6300,puppet
210190,turboman
210191,navidad
11627,paranormal phenomena
12208,narration from grave
156174,occult
174406,combat photography
174413,reanimated corpse
5212,advancement
6145,right and justice
8097,leukemia
49960,business start-up
2723,medium
10121,stop motion
10623,jock
175387,communicating with the dead
181755,dealing with the past
181820,witch trial
181822,child witch
181834,empathy
215191,strange
5721,engineer
8476,vitamin b
1797,loyalty
2137,totalitarian regime
215184,chivalry
2072,chauffeur
6350,head injury
11219,navy seal
199364,rehab
202296,analyst
233558,stolen patent
11579,impalement
18082,flamethrower
18086,disembowelment
155336,smuggler
158256,gene manipulation
158993,man in wheelchair
163270,breeding
197239,regeneration
226178,alien queen
226179,explosive decompression
226180,swimming underwater
5514,conspiracy of murder
9897,rifle
190821,family curse
5376,creativity
9977,part live action
10324,toys
204035,different worlds
210090,lego
1336,ransom
2562,press conference
8697,miss america
34152,evolution
173893,fire chief
173901,animated map
173903,theatre audience
173905,dragonslayer
173911,tunnel construction
173912,fire repellent
173913,drilling
173914,iodine
7540,circumcision
10406,hebrews
1485,stadium
3644,south africa
4106,apartheid
5856,nelson mandela
6081,nation
7912,rugby
12987,poverty
4222,editor-in-chief
9950,thriller
10851,blog
503,federation
505,starfleet
671,enterprise-e
768,romulus
2699,fetish
5728,tycoon
10911,inheritance
1484,pitcher
1686,home run
8732,talent-scout
11333,cigar smoking
186903,poor eyesight
186906,boston red sox
186908,draft
200574,motel room
229043,baseball scout
229046,failing eyesight
229049,blurry vision
229050,blurred sight
164881,death of daughter
180668,homicide detective
7694,pile of dead bodies
10877,dead body
161276,anthropologist
181246,indian tribe
225947,amazon jungle
2726,therapist
11422,plot twist
11719,dirty cop
1646,autism
3432,bangkok
10656,child in peril
194135,autistic savant
3536,cello
7322,caddy
7323,savannah
2635,overdose
4044,groupie
4045,music journalist
4047,black sabbath
5288,rock
10505,promiscuity
10683,coming of age
15291,on the road
157722,domineering mother
163976,reconciliation
170333,innocence lost
178650,bus trip
180413,aspiring writer
2281,mistake in person
2613,luxury
177998,nobility
195032,garfield
9358,military prison
9610,coup
160992,insurgent
181549,secretary of defense
227206,potus
3571,crucifixion
13087,disobey
13140,niece
7994,water monster
3385,cryogenics
8468,crew
9820,alternate dimension
10114,evil spirit
10135,hellgate
14888,burning man
188989,supernatural power
223504,distress signal
227489,derelict ship
3725,pregnancy and birth
3769,voice
9312,dragonfly
166104,humanitarian
445,pornography
5446,observer
168615,biplane
1472,starships
290,angel
157667,warlock
186420,downworlder
186423,shadowhunter
186425,demon hunter
4627,earth
3972,simulated reality 
3974,reality tv
4656,tv star
7271,tv ratings
3878,eavesdropping
5914,writer's block
12415,back from the dead
155795,art dealer
159534,stolen painting
5069,bad power
1961,landmine
5946,ethiopia
8780,chechnya
8781,foreign aid
207411,monkey king
10374,archive footage
228523,inspired by true events
229851,fictionalized history
223060,self healing
1361,salesclerk
10582,television producer
163226,ventriloquist dummy
186948,book comes to life
732,coma
1486,flirt
186710,landscape architect
828,waitress
3055,soviet troops
3538,freedom fighter
3541,afghanistan
4269,war on freedom
5389,mujahid
10511,western
161048,japanese food
168622,soap opera
1483,sports team
5398,sponsorship
8338,coach
11289,woman reporter
191222,the big game
155573,wild west
3489,job interview
174420,intern
176125,reference to google
183126,new job
194287,laid off
194288,transamerica pyramid
12102,resident evil
2533,fighter pilot
5810,pact with the devil
7340,crooked lawyer
10138,satan
14794,lust
33519,courtroom
162706,temptation
162813,law firm
185459,seven deadly sins
211062,ethics
226791,gainesville florida
181514,deadbeat dad
181518,cheating fiancée
181523,teacher student sex
181531,brother sister incest
8087,horror
222855,dragonheart
6328,crook couple
6951,biker
236185,ghost rider
174363,greek island
174369,mandolin
174371,italian soldier
174378,greek history
174379,italian army
174389,allied forces
8696,bodybuilder
10372,body guard
228666,male nanny
15218,special forces
162380,ex soldier
2956,vietnam
10624,bully
162934,hugging
166980,shrimping
180204,wounded soldier
208143,park bench
215492,amputee
637,pop
4902,surprise
5310,approach
33475,songwriter
5599,epistaxis
5601,lost baggage
5602,urn
5604,pavilion
3591,settler
4542,gold rush
173808,reference to pizarro
173811,jamestown virginia
173815,pug dog
173823,cross cultural relationship
173824,musket
173825,animate tree
180217,indian chief
185343,based on folk tale
208426,shamanism
225547,songs
230456,indians vs. settlers
234184,powhatan
234185,land claim
156230,midwest
193544,save the day
7699,speed date
772,handcuffs
2874,spanner
3405,blow job
8070,stag night
155238,hijack
167843,ship captain
195737,ship hijacking
195739,somali
1937,document
6593,stripper
7281,shooting
193545,young heroes
206813,supernatural ability
206834,mischievous children
15048,teenage prostitute
163810,faked death
167164,call girl
175056,black ops
209525,mysterious past
13097,maid
173277,public relations
187791,maid uniform
188755,hotel clerk
220314,wealth differences
4933,battle for power
6791,torpedo
217133,post cold war
221092,aircraft carrier
226740,chain of command
226741,launch code
226742,sonar
960,homeless person
992,bus
2981,homelessness
4636,church service
4671,bad luck
10332,salesman
6021,employee
6282,workplace
10850,sexual harassment
34038,intrigue
1604,operation
1794,yakuza
3582,bride
10704,female yakuza
10732,movie studio
185482,movie actress
2784,mother role
1601,war on drugs
14752,potion
15111,drinking
8099,sioux
13159,chinese
155291,cowboy
4460,terror cell
10185,covert operation
161998,night vision goggles
185266,flight attendant
185692,intelligence agent
220935,nerve gas
14866,doorman
41310,ride
41311,bird hatching
8847,tempel
9390,shaolin
14778,urination
15192,staff
4083,rottweiler
158895,shaved head
163045,impregnation
178652,penal colony
189414,furnace
193149,suspended animation
165707,deification
165713,dancehall hostess
165716,perónism
165718,argentine president
165725,rise to power
165727,singing narrator
165728,soccer ball
10038,audi
13068,impostor
14678,case
157238,computer expert
159669,ex kgb
159679,preparation
159684,hit with a car door
159685,cellular phone trace
159688,merry go round
9895,kenya
158215,lion attack
158217,colonialism
158219,swahili
5097,sterility
5502,castration
14632,suburb
155888,teenage daughter
176419,neighborhood watch
176425,creepy neighbor
7202,balkan war
10024,psychopathic killer
10833,survivalist
14805,maniac
17987,killing spree
226499,manhunt
238136,gory violence
6245,instinct
733,dancer
207673,freak
207716,actor
208513,anxiety
208514,conjoined
208515,siamese
169054,flint michigan
169055,nba
169057,merger
169058,trade
169062,garbage can
169064,canon
169068,ramp
169071,championship
169075,dead parent
3065,minister
4740,public
9824,reunion
184402,missing
199226,mother love
202098,criticism
2528,hydrogen bomb
178355,san francisco giants
178364,child custody
178368,baseball pitcher
178369,baseball fan
178370,psychotic fan
178372,sports agent
178378,driving range
178379,steam room
10045,tragic villain
12999,black and white
156525,heroine
157676,disfigured face
163110,theater
164899,disfigurement mask
164917,breaking mirror
2389,virgin
7153,queen elizabeth i
7534,religious war
7537,tudors
191599,palace intrigue
9887,surrealism
11829,infertility
226039,human cloning
226146,25th century
160201,union soldier
166464,confederate soldier
198541,air marshal
208637,turbulence
12998,the muppets
33725,locker
176253,oil rig 
188179,soaked clothes
207560,thunderbirds
163070,burlesque
191205,burlesque dancer
2425,bodily disabled person
4025,brittany
4079,lighthouse
6701,verdun
8729,lighthouse keeper   
155790,private detective
184167,polio
188725,trenches
894,depression
2086,youngster
2087,lolita
3746,professor for literature
4125,provocation
4126,fascination
5767,summer camp
200784,detox
11795,lasersight
18508,exploding body
162177,subjective camera
162533,torso cut in half
175211,reaper
175227,broken wrist
175233,razor blade
175241,shot through a door
175245,sword duel
175247,burnt face
4459,vegetarian
9368,tax collector
14743,pianist
33773,organ transplant
33774,blood type
700,italo-american
717,pope
718,confession
1253,roommate
156578,newlywed
11254,loss of virginity
175644,phantom zone
175655,rocket fired grenade
175656,crystal machine
10768,lesbian
2887,manipulation
3134,louisiana
11869,mistress
155697,aristocrat
2231,drug dealer
3462,tzar
158620,russian revolution
158627,train explosion
158628,foreign language adaptation
158629,exploding train
164753,moulin rouge
164754,bohemian
164759,toulouse lautrec
164764,red curtain
164770,cancan dance
164772,la traviata
164775,orpheus and eurydice
186403,dance hall
2250,menace
155816,ex-wife
8083,pacific
161244,iwo jima
5011,deal
193551,vigilantism
2804,exploitation
12339,slasher
172889,overhead camera shot
177465,attempted jailbreak
177473,engagement party
177482,mislaid trust
214810,bank fraud
231069,inspired by a true story
1874,car dealer
9554,osama bin laden
10958,man hunt
11314,f word
14748,raid
15022,text message
177163,area 51
181129,terrorist group
181155,torturing
188507,al qaeda
188512,prison camp
188519,water torture
190893,suicide bombing
209493,21st century
212757,ex special forces
214463,post 9/11
214465,helicopter crash
214466,islamabad
1439,flat
10424,tour guide
14602,break-up
41379,argument
158427,pool table
160960,watching tv
162296,ex-boyfriend ex-girlfriend relationship
191260,dinner party
215485,condominium
9988,valentine
160404,valentine's day
7984,bikini
10250,redneck
160058,moonshine
907,japanese
7156,commander
11823,pacific island
160325,guadalcanal
169123,awol
232587,philosophic conflict
3817,chance
6223,change
14521,man change
14522,co-worker
33721,body-swap
1667,pimp
4958,injection
6201,fall
160133,scroll
160134,the force
4402,peasant
8791,cojote
9755,parody
2656,hat
4427,honesty
18073,covert agency
18075,political campaign
156866,based on short story
2951,mercifulness
10818,author
159317,rude
159318,obnoxious
228768,noodle salad
173339,laughter
41390,mustache
167241,newsroom
167254,gang warfare
185281,news spoof
206075,tv news anchor
3452,love letter
6018,new hampshire
8680,ferrari
9468,liar
9821,city country contrast
15120,kindness
161757,fable
161762,apple tree
161779,corporate take over
162632,chrysler building
10663,train crash
13132,pistol
17994,firecracker
163212,water pollution
622,bet
6270,high school
3143,pity
5413,bungee-jump
167608,scooter
161213,high school reunion
173367,reference to facebook
207697,accountant
15163,freeze frame
15164,custody
15165,school play
15166,photo shoot
230024,daddys home
10449,sondheim
166472,beanstalk
192993,red riding hood
1929,bank manager
1933,nazi background
3012,court case
33672,financial transactions
2671,heroin
2521,kongo
10641,time capsule
10652,astrophysicist
10655,grieving widower
10657,lexington massachusetts
10664,westford massachusetts
157984,prediction
191494,numbers
191509,news
7784,hotel mom
214633,living with parents
215200,pretend relationship
745,nun
2565,bath tub
177201,evil child
815,soulmates
9798,law school
2248,moderator
8133,lasagne
41153,meeting
41604,oakland california
158470,strategy
204841,statistics
162914,one night
184297,mystery killer
1755,fascism
3099,satanism
3603,fascist
7525,chancellor
11476,personification of satan
172391,catholic priest
175949,catholic guilt
189995,jesuit
198331,vengeful spirit
208647,activist
208725,irish catholic
214978,vengeful
220888,jesuit priest
957,indian territory
228690,imperial seal
6067,victory
1384,diamant
40931,witchcraft
190022,hansel and gretel
192655,guns
4320,lover
207767,erotic thriller
211359,alien teenager
234694,superpowers
139,anti terror
589,lebanon
592,capitalism
593,globalization
1242,war against terror
1269,energy policy
5272,libya
11115,heroism
34061,american abroad
235476,u.s. ambassador
209789,day of the dead
209790,bullfighting
2350,seattle
155584,firewall
493,poem
11718,feminist
159315,mental health
185454,u.s. military
191110,army base
225707,reconnaissance
225710,sexual discrimination
3883,danger of life
5732,birthday party
173303,surprising
2871,burning of witches
3002,fog
3032,suffering
3762,darkness
13031,creature
40929,witch burning
161264,religious fanatic
166701,ghost town
179878,sleepwalking
4112,strike
9789,misfit
155791,american football player
18187,family reunion
33451,masturbation
161158,scat
179173,quitting a job
179178,milf
6125,pension
6139,innocence
209140,negotiator
12105,student
163053,found footage
4230,carousel 
10889,counterfeit
15124,framed
156768,roller coaster
163047,beverly hills
2526,human animal relationship
4713,research station
5154,fur
5155,bat
5156,current
5157,electric shock
6247,cleverness
10005,gremlin
5347,clumsy fellow
5348,to drop brick
6309,double murder
3355,inuit
161318,enviromental
10216,outcast
2323,group dynamics
5890,community
1854,world of fasion
2863,mannequin
7024,fashion designer
3075,ninja fighter
191750,ninjutsu
4378,striptease
1849,homicide
6140,vice
6258,intellectual
34143,rich
160313,forensic
178929,detroit michigan
14900,genocide
220392,alien parasites
4406,military court
4596,panama
5947,military service
6174,ranger
8681,supreme court
8713,lager
229211,military crime
1922,houseboat
2860,heart
185221,heart transplant
185222,fbi profiler
5034,attempt to escape
217083,reluctant hero
167310,sitting on a toilet
205726,fear of unknown
215404,laxative
2045,cynic
2159,red cap
197521,innocent
237,gay
6019,human trafficking
6472,midwife
173502,bathhouse
269,diving
2150,cocaine
9504,wrack
4063,siege
8698,orléans
8700,charles vii.
190855,joan of arc
198225,religious delusions
10166,minotaur
15235,house fire
186694,extension ladder
186695,last day on job
196581,lost child
10223,puritan
3617,nuclear scientist
184989,spectacle
550,callgirl
10176,gun battle
12662,wrongful imprisonment
171989,wrongful conviction
192210,online gaming
219800,casters
8442,irish mob
6241,stupidity
15479,fashion
167193,male model
167200,fashion model
173242,modeling
5739,waterfall
6147,delinquency
8627,stolen money
13078,skinny dipping
34145,beach house
155552,elmore leonard
184302,scheming
226435,yellow bikini
3767,noises
6935,erection
8580,neue frau
168550,reproduction
159631,premarital sex
163055,satanic cult
172345,driver's license
172353,finger gun
172354,backhand slap
172357,car jump
172364,man punching a woman
10076,street fighter
578,rock and roll
2570,rock star
5540,heavy metal
1025,great britain
8030,pirate radio
155762,swinging 60s
4436,addicted
6782,addiction
2901,crusader
165282,high society
186004,imperial russia
186009,tragic death
187019,robot cop
856,paraplegic
2321,bunker
3305,housebreaking
33598,woodchipper
3570,three kings
10131,interracial relationship
159859,gold theft
168818,persian gulf
168839,mine field
166109,child murder
191543,stalinism
8666,preisgeld
3363,hypnosis
14781,patient
14784,medication
180241,claim
184130,doubt
199214,mental
202735,help
1808,lover (female)
6162,past
4957,sale of soul
188750,teuflisch
1416,jazz
1582,saloon
5339,railway car
5692,stetson
157902,psychological
206686,righting the wronged
206688,parents and children
180172,framed for murder
3303,bedroom
8806,purse
9098,trunk
1005,karaoke
208575,cable guy
7947,war of independence
192050,partition
234297,lahore
3149,gangster boss
33699,policeman
159520,martinique
159521,claude monet
159523,famous painting
159529,glider
159531,insurance agent
159532,missing painting
159538,valuable painting
159539,rich people
1525,puberty
4183,wife
8650,unwillingly pregnant
166113,marriage problems
796,police brutality
2801,self-defense
5386,tramp
5387,national guard
1565,loss of sense of reality
2374,bad mother-in-law
4174,little red riding hood
5921,step mother
7432,rumpelstilzchen
964,servant
10124,laboratory
156033,jekyll and hyde
191009,housemaid
5756,man-woman relation
3879,suspect
522,borg
15518,facial scar
163188,confederate
175261,tomahawk
11110,dead soldier
210608,1990s
5733,turkey
11464,bag over head
161994,stealing a car
182045,albanian
185815,u.s. embassy
185817,killed in an elevator
185818,security guard killed
12416,horror spoof
5496,beauty contest
2505,coronation
4263,duty
4508,principal witness 
7255,search for witnesses
879,brain tumor
2875,sense of life
3230,male friendship
3513,safari
161194,estranged father
215787,bucket list
226580,taj mahal
14552,ira
3262,surgeon
5904,dogsitter
904,pennsylvania
33426,gang member
164253,mexican american
183637,barrio
206318,cholo
156706,oil tycoon
156708,studio tour
13116,one man army
14935,disarming someone
156650,machine gun
162301,english subtitles in original
168859,hypodermic needle
175023,microscope
175036,secret headquarters
175041,bullet dodging
175042,bullet time
175048,kicked in the groin
175049,x rayed skeleton
175050,mouth guard
206695,master warrior
5833,autoritian education
6278,scholarship
7920,violence in schools
193547,teachers and students
4056,custody battle
158233,anaconda
158235,film crew
158241,killer snake
158244,river boat
217120,amazon river
916,marseille
1438,office
2182,bars and restaurants
2573,metal detector
7358,school performance
8790,ant-hill
4007,jack the ripper
2702,golf
7439,woman between two men
14648,parent
18027,sibling
2200,generations confilct
8864,amateur soccer
223149,soccer coach
211,bureaucracy
630,dolphin
177144,everyman
177145,hyperspace
177146,meaning of life
178640,based on radio show
221652,bathrobe
221653,destruction of earth
221655,islington england
221656,talking robot
4513,blind date
2492,bank robber
8158,rafting
233153,white water rafting
156173,eye gouging
168869,gun in mouth
182022,filmed killing
186219,southern california
186233,improvised explosive device
186234,surrogate daughter
186239,shot in the throat
186243,laguna beach california
186251,enforcer
186265,gardner
186268,skull mask
186281,dea
6103,telephone
4308,queen elisabeth ii
33707,pen
6380,shrinking
4234,guild
4743,jihad
2187,riot
4108,protest
10428,cultural difference
18020,fantasy sequence
165458,police arrest
165461,march
6981,connecticut
167863,male bonding
175600,doing the right thing
232411,people change
4556,protection
4690,moral conflict
14676,series of murders
12572,experiment gone wrong
33496,construction
179435,beforecreditsstinger
6044,promise
13151,drawing
177996,porcupine
187327,pledge
187328,retirement party
187329,criminal profile
1332,cheating
6946,blonde
11065,funny nazi
33879,producer
165241,broadway musical
3284,phantom
8643,jade
203423,masked hero
212009,crystal skull
316,chess
2325,wrong accusal
9890,jail
156795,lasso
156796,cautery
4240,watergate scandal
9365,tony blair
155508,jewel heist
196917,armed robbery
1958,toscana
15182,partisan
1813,toxication
5511,tang dynasty
5513,pomp
1293,asia
1635,deaf-mute
5824,video surveillance
41644,gunshot
226409,crisis of conscience
177341,gadfly
7728,cholera
12974,principal
1918,cooking
15268,incompetence
15269,female boss
15270,klutz
1545,supermarket
10159,computer animation
2519,canadian
15292,hanged man
159306,crane
159514,subtitled scene
161996,movie poster
185677,extraction
185684,iran hostage crisis
185686,sweatshop
185699,film studio
3437,death sentence
3440,doomed man
3442,lethal injection
173976,one armed man
226376,corrupt cop
227824,bus accident
227825,storm drain
625,sadistic
739,sexual abuse
2400,juvenile prison
5319,pub
14857,juvenile delinquent
6025,photography
1417,jurors
2710,fairy
3473,carnival
10499,pool
33674,conscience
33675,jackass
33676,figaro
33677,sneezing
1502,marshal
5948,studies
9031,idealist
198102,frankenstein's monster
496,poetry
3192,intellectually gifted
3548,plagiarism
3549,literature competition
3551,private school
3553,manuscript
3556,seclusion
3558,pulitzer prize
6059,unsociability
9547,urteil
164605,withdrawal
208043,bar exam
9964,crude humor
817,bookshop
2559,film maker
2560,paparazzi
2566,cohabitant
10232,fame
185521,chicken farm
185522,pie machine
4999,risk
6192,relation
9398,long island
11510,unfaithfulness
33940,dance class
165301,opposites attract
169276,commitment
173497,dance club
175357,neurotic
188645,bagpipes
190084,chance encounter
226219,insurance risk manager
2273,role of women
6779,ladies' man
7769,chefin
6715,cleopatra
41525,high school teacher
163223,prize money
178440,physics teacher
185979,fighting movie
185983,budget cutting
11032,defense
162271,husband
199274,arrested
200883,classified
208709,columbia university
4949,warning
6622,tumor
8232,west virginia
9955,urban legend
10170,premonition
10904,telephone call
15198,car wreck
230413,mothman
238137,mysterious events
238138,chemical plant
158718,lgbt
3435,floatplane
3545,tank car
10700,hood
1591,ex-detainee
10561,video camera
10688,breast
40879,drunk
156022,nypd
166512,graveyard
211703,death of boyfriend
194215,multiple dimensions
548,countryside
54324,patriot
168333,bail jumper
158538,north korea
195323,evil dictator
11541,surprise ending
172942,contortionist
186800,human cannonball
898,hip-hop
899,rhyme battle
900,trailer park
6325,ethnic stereotype
190187,eminem
202647,humanity
34067,jousting
40903,diamond heist
157210,framed for a crime
169271,escaped prisoner
18006,birding
18007,birdwatching
3436,karate
11454,scam
11960,naked scene
33775,book editor
156760,fake boyfriend
544,sailboat
2082,sailing trip
208983,probation
390,skateboarding
951,delorean
952,lightning
956,almanac
10738,diner
33888,electric guitar
172251,walking cane
196664,high school dance
226370,hoverboard
226371,video phone
2235,drug mule
34009,tough girl
234944,brain capacity
234945,synthetic drug
234946,human brain
9785,perversion
9888,spanking
158713,bdsm
787,mississippi
41385,racial tension
191314,kkk
204173,racial issues
214780,courtroom drama
183133,aspiring actor
183141,smart kid
181325,dangerous mission
159201,baseball player
163097,female athlete
168316,home front
15043,paranormal investigation
228935,valak
228936,annabelle
162749,creator
170209,frat party
171063,social network
171065,deposition
171067,intellectual property
171068,entrepreneur
171070,arrogance
220076,young entrepreneur
220831,facebook
7023,riesen-ipod
386,railroad robber
1544,locomotive
163072,embezzlement
155301,rough sex
156112,wake
160292,religious conflict
169618,bestiality
169620,correspondence
169621,vampire sex
169626,autonomous shadow
41607,recipe
222186,publishing
186654,brooklyn dodgers
3843,inferiority
4214,beguilement
4951,rejection
4952,inferiority complex
10329,wealth
155624,envy
155821,sled dogs
158063,seal
164677,brother-in-law brother-in-law relationship
179450,black men
217452,buddy film
8519,mohawk
208123,french and indian war
727,country music
1741,blindness and impaired vision
2495,georgia
2776,bus ride
5626,from rags to riches
5708,gospel
5711,indianapolis
5716,record label
15365,held captive
158973,black and white and color
171570,black and white to color
175593,mysterious killer
175603,mercedes
175610,silhouette
1925,camera
2134,press
2249,camcorder
3852,safety
5641,limousine
8664,oberflächlichkeit
8665,kompliment
9974,obesity
156092,fat suit
214664,beauty standards
230616,fat man
236373,fat woman
236374,attractiveness
1013,homophobia
170548,kennedy assassination
2341,nanny
4602,stress
8635,high school sports
167808,fake identity
198929,adult as a child
223202,do over
11511,unfaithful boyfriend
183602,public toilet
213488,marital infidelity
231641,unfaithful husband
1662,bosnia and herzegovina
7973,bosnian war of 1992-1995
11872,atrocity
226426,mass grave
1342,dancing master
3599,defense industry
6476,toy shop
7136,technical toy
156337,prototype
180691,killer toys
158567,burn victim
220265,napoleon bonaparte
8881,jury
11168,private investigator
11435,briefcase
155751,stolen identity
166770,sex addict
183728,sex tape
231097,Γη
234778,mission control
2642,solar eclipse
4113,jaguar
10864,human sacrifice
15222,central america
179298,maya
179300,ancient civilization
235679,yucatec maya language
